Train No.,91039,91041,91043,91045,91047,91049,91051,91053,91055
CCG,00:13,00:16,00:20,00:28,00:31,00:38,00:43,00:50,01:00
MEL,00:16,00:19,00:23,00:31,00:34,00:41,00:46,00:53,01:03
CRD,00:18,00:21,00:25,00:33,00:36,00:43,00:48,00:55,01:05
GTR,00:21,00:24,00:28,00:36,00:39,00:46,00:51,00:58,01:08
MMCT,00:23,00:26,00:30,00:38,00:41,00:48,00:53,01:00,01:10
MX,00:26,00:29,00:33,00:41,00:44,00:51,00:56,01:03,01:13
LP,00:29,00:32,00:36,00:44,00:47,00:54,00:59,01:06,01:16
PBHD,00:32,00:35,00:39,00:47,00:50,00:57,01:02,01:09,01:19
DR,00:34,00:37,00:41,00:49,00:52,00:59,01:04,01:11,01:21
MRU,00:36,00:39,00:43,00:51,00:54,01:01,01:06,01:13,01:23
MM,00:39,00:42,00:46,00:54,00:57,01:04,01:09,01:16,01:26
BA,00:43,00:46,00:50,00:58,01:01,01:08,01:13,01:21,01:30
KHAR,00:46,00:49,00:53,01:01,01:04,01:11,01:16,01:24,01:33
STC,00:48,00:51,00:55,01:03,01:06,01:13,01:18,01:26,01:35
VLP,00:51,00:54,00:58,01:06,01:09,01:16,01:21,01:29,01:38
ADH,00:57,01:00,01:04,01:11,,01:22,01:27,01:34,01:44
JOS,,01:03,01:07,01:14,,01:25,01:30,01:37,01:47
RMAR,,01:06,01:10,01:17,,01:28,01:33,01:40,01:50
GMN,,01:08,01:12,01:19,,01:30,01:35,01:42,01:52
MDD,,01:12,01:16,01:23,,01:34,01:39,01:46,01:56
KILE,,01:15,01:19,01:26,,01:37,01:42,01:49,01:59
BVI,,01:22,01:24,01:32,,01:43,01:48,01:54,02:05
DIC,,,01:27,01:36,,,01:52,01:58,
MIRA,,,01:32,01:41,,,01:57,02:03,
BYR,,,01:37,01:48,,,02:03,02:08,
NIG,,,01:43,,,,,02:14,
BSR,,,01:48,,,,,02:19,
NSP,,,01:53,,,,,02:24,
VR,,,02:00,,,,,02:30,
